--
-- PostgreSQL database dump
--

\restrict OMczzqnRWeK5dmQBdb58atWFsnSWF0irYaPHGp7fkghg7A5JR31UobgiFqzWOz4

-- Dumped from database version 18.3
-- Dumped by pg_dump version 18.3

-- Started on 2026-05-11 16:39:19

SET statement_timeout = 0;
SET lock_timeout = 0;
SET idle_in_transaction_session_timeout = 0;
SET transaction_timeout = 0;
SET client_encoding = 'UTF8';
SET standard_conforming_strings = on;
SELECT pg_catalog.set_config('search_path', '', false);
SET check_function_bodies = false;
SET xmloption = content;
SET client_min_messages = warning;
SET row_security = off;

--
-- TOC entry 2 (class 3079 OID 36149)
-- Name: postgis; Type: EXTENSION; Schema: -; Owner: -
--

CREATE EXTENSION IF NOT EXISTS postgis WITH SCHEMA public;


--
-- TOC entry 6117 (class 0 OID 0)
-- Dependencies: 2
-- Name: EXTENSION postgis; Type: COMMENT; Schema: -; Owner: 
--

COMMENT ON EXTENSION postgis IS 'PostGIS geometry and geography spatial types and functions';


SET default_tablespace = '';

SET default_table_access_method = heap;

--
-- TOC entry 232 (class 1259 OID 37272)
-- Name: auth_group; Type: TABLE; Schema: public; Owner: postgres
--

CREATE TABLE public.auth_group (
    id integer NOT NULL,
    name character varying(150) NOT NULL
);


ALTER TABLE public.auth_group OWNER TO postgres;

--
-- TOC entry 231 (class 1259 OID 37271)
-- Name: auth_group_id_seq; Type: SEQUENCE; Schema: public; Owner: postgres
--

ALTER TABLE public.auth_group ALTER COLUMN id ADD GENERATED BY DEFAULT AS IDENTITY (
    SEQUENCE NAME public.auth_group_id_seq
    START WITH 1
    INCREMENT BY 1
    NO MINVALUE
    NO MAXVALUE
    CACHE 1
);


--
-- TOC entry 234 (class 1259 OID 37282)
-- Name: auth_group_permissions; Type: TABLE; Schema: public; Owner: postgres
--

CREATE TABLE public.auth_group_permissions (
    id bigint NOT NULL,
    group_id integer NOT NULL,
    permission_id integer NOT NULL
);


ALTER TABLE public.auth_group_permissions OWNER TO postgres;

--
-- TOC entry 233 (class 1259 OID 37281)
-- Name: auth_group_permissions_id_seq; Type: SEQUENCE; Schema: public; Owner: postgres
--

ALTER TABLE public.auth_group_permissions ALTER COLUMN id ADD GENERATED BY DEFAULT AS IDENTITY (
    SEQUENCE NAME public.auth_group_permissions_id_seq
    START WITH 1
    INCREMENT BY 1
    NO MINVALUE
    NO MAXVALUE
    CACHE 1
);


--
-- TOC entry 230 (class 1259 OID 37262)
-- Name: auth_permission; Type: TABLE; Schema: public; Owner: postgres
--

CREATE TABLE public.auth_permission (
    id integer NOT NULL,
    name character varying(255) NOT NULL,
    content_type_id integer NOT NULL,
    codename character varying(100) NOT NULL
);


ALTER TABLE public.auth_permission OWNER TO postgres;

--
-- TOC entry 229 (class 1259 OID 37261)
-- Name: auth_permission_id_seq; Type: SEQUENCE; Schema: public; Owner: postgres
--

ALTER TABLE public.auth_permission ALTER COLUMN id ADD GENERATED BY DEFAULT AS IDENTITY (
    SEQUENCE NAME public.auth_permission_id_seq
    START WITH 1
    INCREMENT BY 1
    NO MINVALUE
    NO MAXVALUE
    CACHE 1
);


--
-- TOC entry 236 (class 1259 OID 37291)
-- Name: auth_user; Type: TABLE; Schema: public; Owner: postgres
--

CREATE TABLE public.auth_user (
    id integer NOT NULL,
    password character varying(128) NOT NULL,
    last_login timestamp with time zone,
    is_superuser boolean NOT NULL,
    username character varying(150) NOT NULL,
    first_name character varying(150) NOT NULL,
    last_name character varying(150) NOT NULL,
    email character varying(254) NOT NULL,
    is_staff boolean NOT NULL,
    is_active boolean NOT NULL,
    date_joined timestamp with time zone NOT NULL
);


ALTER TABLE public.auth_user OWNER TO postgres;

--
-- TOC entry 238 (class 1259 OID 37310)
-- Name: auth_user_groups; Type: TABLE; Schema: public; Owner: postgres
--

CREATE TABLE public.auth_user_groups (
    id bigint NOT NULL,
    user_id integer NOT NULL,
    group_id integer NOT NULL
);


ALTER TABLE public.auth_user_groups OWNER TO postgres;

--
-- TOC entry 237 (class 1259 OID 37309)
-- Name: auth_user_groups_id_seq; Type: SEQUENCE; Schema: public; Owner: postgres
--

ALTER TABLE public.auth_user_groups ALTER COLUMN id ADD GENERATED BY DEFAULT AS IDENTITY (
    SEQUENCE NAME public.auth_user_groups_id_seq
    START WITH 1
    INCREMENT BY 1
    NO MINVALUE
    NO MAXVALUE
    CACHE 1
);


--
-- TOC entry 235 (class 1259 OID 37290)
-- Name: auth_user_id_seq; Type: SEQUENCE; Schema: public; Owner: postgres
--

ALTER TABLE public.auth_user ALTER COLUMN id ADD GENERATED BY DEFAULT AS IDENTITY (
    SEQUENCE NAME public.auth_user_id_seq
    START WITH 1
    INCREMENT BY 1
    NO MINVALUE
    NO MAXVALUE
    CACHE 1
);


--
-- TOC entry 240 (class 1259 OID 37319)
-- Name: auth_user_user_permissions; Type: TABLE; Schema: public; Owner: postgres
--

CREATE TABLE public.auth_user_user_permissions (
    id bigint NOT NULL,
    user_id integer NOT NULL,
    permission_id integer NOT NULL
);


ALTER TABLE public.auth_user_user_permissions OWNER TO postgres;

--
-- TOC entry 239 (class 1259 OID 37318)
-- Name: auth_user_user_permissions_id_seq; Type: SEQUENCE; Schema: public; Owner: postgres
--

ALTER TABLE public.auth_user_user_permissions ALTER COLUMN id ADD GENERATED BY DEFAULT AS IDENTITY (
    SEQUENCE NAME public.auth_user_user_permissions_id_seq
    START WITH 1
    INCREMENT BY 1
    NO MINVALUE
    NO MAXVALUE
    CACHE 1
);


--
-- TOC entry 242 (class 1259 OID 37380)
-- Name: django_admin_log; Type: TABLE; Schema: public; Owner: postgres
--

CREATE TABLE public.django_admin_log (
    id integer NOT NULL,
    action_time timestamp with time zone NOT NULL,
    object_id text,
    object_repr character varying(200) NOT NULL,
    action_flag smallint NOT NULL,
    change_message text NOT NULL,
    content_type_id integer,
    user_id integer NOT NULL,
    CONSTRAINT django_admin_log_action_flag_check CHECK ((action_flag >= 0))
);


ALTER TABLE public.django_admin_log OWNER TO postgres;

--
-- TOC entry 241 (class 1259 OID 37379)
-- Name: django_admin_log_id_seq; Type: SEQUENCE; Schema: public; Owner: postgres
--

ALTER TABLE public.django_admin_log ALTER COLUMN id ADD GENERATED BY DEFAULT AS IDENTITY (
    SEQUENCE NAME public.django_admin_log_id_seq
    START WITH 1
    INCREMENT BY 1
    NO MINVALUE
    NO MAXVALUE
    CACHE 1
);


--
-- TOC entry 228 (class 1259 OID 37250)
-- Name: django_content_type; Type: TABLE; Schema: public; Owner: postgres
--

CREATE TABLE public.django_content_type (
    id integer NOT NULL,
    app_label character varying(100) NOT NULL,
    model character varying(100) NOT NULL
);


ALTER TABLE public.django_content_type OWNER TO postgres;

--
-- TOC entry 227 (class 1259 OID 37249)
-- Name: django_content_type_id_seq; Type: SEQUENCE; Schema: public; Owner: postgres
--

ALTER TABLE public.django_content_type ALTER COLUMN id ADD GENERATED BY DEFAULT AS IDENTITY (
    SEQUENCE NAME public.django_content_type_id_seq
    START WITH 1
    INCREMENT BY 1
    NO MINVALUE
    NO MAXVALUE
    CACHE 1
);


--
-- TOC entry 226 (class 1259 OID 37238)
-- Name: django_migrations; Type: TABLE; Schema: public; Owner: postgres
--

CREATE TABLE public.django_migrations (
    id bigint NOT NULL,
    app character varying(255) NOT NULL,
    name character varying(255) NOT NULL,
    applied timestamp with time zone NOT NULL
);


ALTER TABLE public.django_migrations OWNER TO postgres;

--
-- TOC entry 225 (class 1259 OID 37237)
-- Name: django_migrations_id_seq; Type: SEQUENCE; Schema: public; Owner: postgres
--

ALTER TABLE public.django_migrations ALTER COLUMN id ADD GENERATED BY DEFAULT AS IDENTITY (
    SEQUENCE NAME public.django_migrations_id_seq
    START WITH 1
    INCREMENT BY 1
    NO MINVALUE
    NO MAXVALUE
    CACHE 1
);


--
-- TOC entry 243 (class 1259 OID 37420)
-- Name: django_session; Type: TABLE; Schema: public; Owner: postgres
--

CREATE TABLE public.django_session (
    session_key character varying(40) NOT NULL,
    session_data text NOT NULL,
    expire_date timestamp with time zone NOT NULL
);


ALTER TABLE public.django_session OWNER TO postgres;

--
-- TOC entry 255 (class 1259 OID 37530)
-- Name: shop_branch; Type: TABLE; Schema: public; Owner: postgres
--

CREATE TABLE public.shop_branch (
    id bigint NOT NULL,
    name character varying(200) NOT NULL,
    address character varying(255),
    latitude double precision,
    longitude double precision
);


ALTER TABLE public.shop_branch OWNER TO postgres;

--
-- TOC entry 254 (class 1259 OID 37529)
-- Name: shop_branch_id_seq; Type: SEQUENCE; Schema: public; Owner: postgres
--

ALTER TABLE public.shop_branch ALTER COLUMN id ADD GENERATED BY DEFAULT AS IDENTITY (
    SEQUENCE NAME public.shop_branch_id_seq
    START WITH 1
    INCREMENT BY 1
    NO MINVALUE
    NO MAXVALUE
    CACHE 1
);


--
-- TOC entry 251 (class 1259 OID 37470)
-- Name: shop_deliveryzone; Type: TABLE; Schema: public; Owner: postgres
--

CREATE TABLE public.shop_deliveryzone (
    id bigint NOT NULL,
    name character varying(100) NOT NULL,
    shipping_fee integer NOT NULL,
    area public.geometry(Polygon,4326) NOT NULL,
    store_id bigint NOT NULL
);


ALTER TABLE public.shop_deliveryzone OWNER TO postgres;

--
-- TOC entry 250 (class 1259 OID 37469)
-- Name: shop_deliveryzone_id_seq; Type: SEQUENCE; Schema: public; Owner: postgres
--

ALTER TABLE public.shop_deliveryzone ALTER COLUMN id ADD GENERATED BY DEFAULT AS IDENTITY (
    SEQUENCE NAME public.shop_deliveryzone_id_seq
    START WITH 1
    INCREMENT BY 1
    NO MINVALUE
    NO MAXVALUE
    CACHE 1
);


--
-- TOC entry 249 (class 1259 OID 37454)
-- Name: shop_order; Type: TABLE; Schema: public; Owner: postgres
--

CREATE TABLE public.shop_order (
    id bigint NOT NULL,
    customer_name character varying(100) NOT NULL,
    phone character varying(20) NOT NULL,
    quantity integer NOT NULL,
    customer_location public.geometry(Point,4326),
    shipping_fee integer NOT NULL,
    total_price integer NOT NULL,
    created_at timestamp with time zone NOT NULL,
    product_id bigint NOT NULL,
    user_id integer
);


ALTER TABLE public.shop_order OWNER TO postgres;

--
-- TOC entry 248 (class 1259 OID 37453)
-- Name: shop_order_id_seq; Type: SEQUENCE; Schema: public; Owner: postgres
--

ALTER TABLE public.shop_order ALTER COLUMN id ADD GENERATED BY DEFAULT AS IDENTITY (
    SEQUENCE NAME public.shop_order_id_seq
    START WITH 1
    INCREMENT BY 1
    NO MINVALUE
    NO MAXVALUE
    CACHE 1
);


--
-- TOC entry 245 (class 1259 OID 37433)
-- Name: shop_product; Type: TABLE; Schema: public; Owner: postgres
--

CREATE TABLE public.shop_product (
    id bigint NOT NULL,
    name character varying(200) NOT NULL,
    price integer NOT NULL,
    image character varying(100),
    max_limit integer NOT NULL,
    stock integer NOT NULL,
    available_branches text,
    category character varying(50) NOT NULL,
    is_featured boolean NOT NULL
);


ALTER TABLE public.shop_product OWNER TO postgres;

--
-- TOC entry 244 (class 1259 OID 37432)
-- Name: shop_product_id_seq; Type: SEQUENCE; Schema: public; Owner: postgres
--

ALTER TABLE public.shop_product ALTER COLUMN id ADD GENERATED BY DEFAULT AS IDENTITY (
    SEQUENCE NAME public.shop_product_id_seq
    START WITH 1
    INCREMENT BY 1
    NO MINVALUE
    NO MAXVALUE
    CACHE 1
);


--
-- TOC entry 253 (class 1259 OID 37498)
-- Name: shop_productimage; Type: TABLE; Schema: public; Owner: postgres
--

CREATE TABLE public.shop_productimage (
    id bigint NOT NULL,
    image character varying(100) NOT NULL,
    product_id bigint NOT NULL
);


ALTER TABLE public.shop_productimage OWNER TO postgres;

--
-- TOC entry 252 (class 1259 OID 37497)
-- Name: shop_productimage_id_seq; Type: SEQUENCE; Schema: public; Owner: postgres
--

ALTER TABLE public.shop_productimage ALTER COLUMN id ADD GENERATED BY DEFAULT AS IDENTITY (
    SEQUENCE NAME public.shop_productimage_id_seq
    START WITH 1
    INCREMENT BY 1
    NO MINVALUE
    NO MAXVALUE
    CACHE 1
);


--
-- TOC entry 247 (class 1259 OID 37442)
-- Name: shop_store; Type: TABLE; Schema: public; Owner: postgres
--

CREATE TABLE public.shop_store (
    id bigint NOT NULL,
    name character varying(200) NOT NULL,
    address character varying(300) NOT NULL,
    location public.geometry(Point,4326) NOT NULL
);


ALTER TABLE public.shop_store OWNER TO postgres;

--
-- TOC entry 246 (class 1259 OID 37441)
-- Name: shop_store_id_seq; Type: SEQUENCE; Schema: public; Owner: postgres
--

ALTER TABLE public.shop_store ALTER COLUMN id ADD GENERATED BY DEFAULT AS IDENTITY (
    SEQUENCE NAME public.shop_store_id_seq
    START WITH 1
    INCREMENT BY 1
    NO MINVALUE
    NO MAXVALUE
    CACHE 1
);


--
-- TOC entry 6088 (class 0 OID 37272)
-- Dependencies: 232
-- Data for Name: auth_group; Type: TABLE DATA; Schema: public; Owner: postgres
--

COPY public.auth_group (id, name) FROM stdin;
\.


--
-- TOC entry 6090 (class 0 OID 37282)
-- Dependencies: 234
-- Data for Name: auth_group_permissions; Type: TABLE DATA; Schema: public; Owner: postgres
--

COPY public.auth_group_permissions (id, group_id, permission_id) FROM stdin;
\.


--
-- TOC entry 6086 (class 0 OID 37262)
-- Dependencies: 230
-- Data for Name: auth_permission; Type: TABLE DATA; Schema: public; Owner: postgres
--

COPY public.auth_permission (id, name, content_type_id, codename) FROM stdin;
1	Can add log entry	1	add_logentry
2	Can change log entry	1	change_logentry
3	Can delete log entry	1	delete_logentry
4	Can view log entry	1	view_logentry
5	Can add permission	2	add_permission
6	Can change permission	2	change_permission
7	Can delete permission	2	delete_permission
8	Can view permission	2	view_permission
9	Can add group	3	add_group
10	Can change group	3	change_group
11	Can delete group	3	delete_group
12	Can view group	3	view_group
13	Can add user	4	add_user
14	Can change user	4	change_user
15	Can delete user	4	delete_user
16	Can view user	4	view_user
17	Can add content type	5	add_contenttype
18	Can change content type	5	change_contenttype
19	Can delete content type	5	delete_contenttype
20	Can view content type	5	view_contenttype
21	Can add session	6	add_session
22	Can change session	6	change_session
23	Can delete session	6	delete_session
24	Can view session	6	view_session
25	Can add product	7	add_product
26	Can change product	7	change_product
27	Can delete product	7	delete_product
28	Can view product	7	view_product
29	Can add store	8	add_store
30	Can change store	8	change_store
31	Can delete store	8	delete_store
32	Can view store	8	view_store
33	Can add order	9	add_order
34	Can change order	9	change_order
35	Can delete order	9	delete_order
36	Can view order	9	view_order
37	Can add delivery zone	10	add_deliveryzone
38	Can change delivery zone	10	change_deliveryzone
39	Can delete delivery zone	10	delete_deliveryzone
40	Can view delivery zone	10	view_deliveryzone
41	Can add product image	11	add_productimage
42	Can change product image	11	change_productimage
43	Can delete product image	11	delete_productimage
44	Can view product image	11	view_productimage
45	Can add branch	12	add_branch
46	Can change branch	12	change_branch
47	Can delete branch	12	delete_branch
48	Can view branch	12	view_branch
\.


--
-- TOC entry 6092 (class 0 OID 37291)
-- Dependencies: 236
-- Data for Name: auth_user; Type: TABLE DATA; Schema: public; Owner: postgres
--

COPY public.auth_user (id, password, last_login, is_superuser, username, first_name, last_name, email, is_staff, is_active, date_joined) FROM stdin;
1	pbkdf2_sha256$720000$GqzeXlGx0NY2CXfmW7c8nk$aJOdvEU+md/mSQPjsw+xooSSQrnFxyvVz5Y6c9OhdXU=	2026-05-11 12:59:24.545031+07	t	huynhnhu1			nhu234@gmail.com	t	t	2026-05-11 12:12:02.685204+07
2	pbkdf2_sha256$720000$btyqc77rCUCTCuIg3DxpCz$/Cxr7tTBUQGfse10ofm4P8WykT2GA0eO9JbAoy3ZRUo=	2026-05-11 16:13:36.169999+07	f	nhu456				f	t	2026-05-11 12:53:35.079107+07
\.


--
-- TOC entry 6094 (class 0 OID 37310)
-- Dependencies: 238
-- Data for Name: auth_user_groups; Type: TABLE DATA; Schema: public; Owner: postgres
--

COPY public.auth_user_groups (id, user_id, group_id) FROM stdin;
\.


--
-- TOC entry 6096 (class 0 OID 37319)
-- Dependencies: 240
-- Data for Name: auth_user_user_permissions; Type: TABLE DATA; Schema: public; Owner: postgres
--

COPY public.auth_user_user_permissions (id, user_id, permission_id) FROM stdin;
\.


--
-- TOC entry 6098 (class 0 OID 37380)
-- Dependencies: 242
-- Data for Name: django_admin_log; Type: TABLE DATA; Schema: public; Owner: postgres
--

COPY public.django_admin_log (id, action_time, object_id, object_repr, action_flag, change_message, content_type_id, user_id) FROM stdin;
\.


--
-- TOC entry 6084 (class 0 OID 37250)
-- Dependencies: 228
-- Data for Name: django_content_type; Type: TABLE DATA; Schema: public; Owner: postgres
--

COPY public.django_content_type (id, app_label, model) FROM stdin;
1	admin	logentry
2	auth	permission
3	auth	group
4	auth	user
5	contenttypes	contenttype
6	sessions	session
7	shop	product
8	shop	store
9	shop	order
10	shop	deliveryzone
11	shop	productimage
12	shop	branch
\.


--
-- TOC entry 6082 (class 0 OID 37238)
-- Dependencies: 226
-- Data for Name: django_migrations; Type: TABLE DATA; Schema: public; Owner: postgres
--

COPY public.django_migrations (id, app, name, applied) FROM stdin;
1	contenttypes	0001_initial	2026-05-11 11:05:48.140826+07
2	auth	0001_initial	2026-05-11 11:05:48.255751+07
3	admin	0001_initial	2026-05-11 11:05:48.283242+07
4	admin	0002_logentry_remove_auto_add	2026-05-11 11:05:48.289487+07
5	admin	0003_logentry_add_action_flag_choices	2026-05-11 11:05:48.298172+07
6	contenttypes	0002_remove_content_type_name	2026-05-11 11:05:48.3214+07
7	auth	0002_alter_permission_name_max_length	2026-05-11 11:05:48.332523+07
8	auth	0003_alter_user_email_max_length	2026-05-11 11:05:48.342711+07
9	auth	0004_alter_user_username_opts	2026-05-11 11:05:48.351962+07
10	auth	0005_alter_user_last_login_null	2026-05-11 11:05:48.363595+07
11	auth	0006_require_contenttypes_0002	2026-05-11 11:05:48.366792+07
12	auth	0007_alter_validators_add_error_messages	2026-05-11 11:05:48.374817+07
13	auth	0008_alter_user_username_max_length	2026-05-11 11:05:48.391832+07
14	auth	0009_alter_user_last_name_max_length	2026-05-11 11:05:48.407394+07
15	auth	0010_alter_group_name_max_length	2026-05-11 11:05:48.4211+07
16	auth	0011_update_proxy_permissions	2026-05-11 11:05:48.43355+07
17	auth	0012_alter_user_first_name_max_length	2026-05-11 11:05:48.465069+07
18	sessions	0001_initial	2026-05-11 11:05:48.482198+07
19	shop	0001_initial	2026-05-11 11:05:48.54802+07
20	shop	0002_product_image	2026-05-11 11:05:48.554231+07
21	shop	0003_productimage	2026-05-11 11:05:48.571485+07
22	shop	0004_product_max_limit_product_stock	2026-05-11 11:05:48.585833+07
23	shop	0005_product_available_branches	2026-05-11 11:05:48.595611+07
24	shop	0006_order_user	2026-05-11 11:05:48.619402+07
25	shop	0007_product_category_product_is_featured	2026-05-11 11:05:48.636134+07
26	shop	0008_branch	2026-05-11 11:05:48.652804+07
27	shop	0009_branch_address_branch_latitude_branch_longitude	2026-05-11 11:05:48.66262+07
\.


--
-- TOC entry 6099 (class 0 OID 37420)
-- Dependencies: 243
-- Data for Name: django_session; Type: TABLE DATA; Schema: public; Owner: postgres
--

COPY public.django_session (session_key, session_data, expire_date) FROM stdin;
7e7v10m5hxxh61ztsag4h4kaj4cjob4a	.eJxVjDEOwjAMAP_iGUVOQkjckZ03VHbjkAJqpaadEH9HlTrAene6N_S8rbXfmi79mKEDB6dfJjw8ddpFfvB0n80wT-syitkTc9hmbnPW1_Vo_waVW4UOVBJlS44uKQdGZJZgi42-JEfRe3SYnKhi9DKQEmWJ9hyQfaDkC8LnC9CxNxk:1wMMhk:mSI1IbOkEOGwBlp7jG2m3Y5klQH_ZyVH22ABbwJTggY	2026-05-25 16:13:36.173306+07
\.


--
-- TOC entry 6111 (class 0 OID 37530)
-- Dependencies: 255
-- Data for Name: shop_branch; Type: TABLE DATA; Schema: public; Owner: postgres
--

COPY public.shop_branch (id, name, address, latitude, longitude) FROM stdin;
1	Candy Gò Vấp	99 Quang Trung, Gò Vấp, TP.HCM	10.835	106.665
2	Snack Tân Bình	25 Cộng Hoà, Tân Bình, TP.HCM	10.8	106.652
3	Sweet Q10	300 3/2, Q10, TP.HCM	10.77	106.668
4	Candy Q5	120 Nguyễn ChÍ Thanh, Quận 5, TP.HCM	10.755	106.66
5	Sweet Q6	55 Hậu Giang, Q6, TP.HCM	10.745	106.635
6	Home Q4	18 Khánh Hội, Q4, TP.HCM	10.755	106.705
7	HomeCare Shop	10 Châu Văn Liêm, Q5, TP.HCM	10.785	106.705
8	Family Store	33 An Dương Vương, Q5, TP.HCM	10.79	106.69
9	Kitchen Plus	92 Trần Hưng Đạo, Q5, TP.HCM	10.78	106.675
10	Home Accessory Center	15, Nguyễn Trãi, Q5, TP.HCM	10.77	106.68
11	Candy Q8	88 Tạ Quang Bửu, Quận 8, TP.HCM	10.735	106.68
12	Sugar Bình Thạnh	150 Xô Viết Nghệ Tĩnh, Bình Thạnh, TP.HCM	10.81	106.71
13	Sugar Q7	200 Nguyễn Thị Thập, Q7. TP.HCM	10.735	106.73
14	Choco Store	21 Hai Bà Trưng, Q1, TP.HCM	10.765	106.71
15	Snack Hub	60 Pausteur, Q1, TP.HCM	10.775	106.72
16	Kitchen Bình Tân	66 Tên Lửa, Bình Tân, TP.HCM	10.77	106.6
17	Home Q9	88 Lê Văn Việt, Q9, TP.HCM	10.84	106.82
18	Home Q12	10 Lê Văn Khương, Q12, TP.HCM	10.88	106.66
19	Kitchen Hóc Môn	5 Bà Triệu, Hóc Môn, TP.HCM	10.89	106.6
20	Home Bình Chánh	70 Nguyễn Văn Linh, Bình Chánh, TP.HCM	10.7	106.6
21	Candy Thủ Đức	20 Võ Văn Ngân, Thủ Đức, TP.HCM	10.85	106.75
22	Sweet Phú Nhuận	40 Phan Xích Long, Phú Nhuận, TP.HCM	10.8	106.68
23	Sweet Shop Q1	12 Nguyễn Huệ, Q1, TP.HCM	10.776	106.7
24	Sugar House	88 Đồng Khởi, Q1, TP.HCM	10.77	106.688
25	Candy World	45 Lê Lợi, Q1, TP.HCM	10.78	106.695
26	Living Nhà Bè	22 Huỳnh Tấn Phát, Nhà Bè, TP.HCM	10.68	106.72
27	Accessory Q2	9 Trần Não, Q2, TP.HCM	10.78	106.75
28	Family Tân Phú	30 Lũy Bán Bích, Tân Phú, TP.HCM	10.79	106.63
29	Family Củ Chi	1 Tỉnh Lộ 8, Củ Chi, TP.HCM	11	106.5
30	Living Mart	77 Hải Thượng Lãn Ông, Q5, TP.HCM	10.77	106.715
\.


--
-- TOC entry 6107 (class 0 OID 37470)
-- Dependencies: 251
-- Data for Name: shop_deliveryzone; Type: TABLE DATA; Schema: public; Owner: postgres
--

COPY public.shop_deliveryzone (id, name, shipping_fee, area, store_id) FROM stdin;
\.


--
-- TOC entry 6105 (class 0 OID 37454)
-- Dependencies: 249
-- Data for Name: shop_order; Type: TABLE DATA; Schema: public; Owner: postgres
--

COPY public.shop_order (id, customer_name, phone, quantity, customer_location, shipping_fee, total_price, created_at, product_id, user_id) FROM stdin;
\.


--
-- TOC entry 6101 (class 0 OID 37433)
-- Dependencies: 245
-- Data for Name: shop_product; Type: TABLE DATA; Schema: public; Owner: postgres
--

COPY public.shop_product (id, name, price, image, max_limit, stock, available_branches, category, is_featured) FROM stdin;
1	Kẹo mút 	25000	products/k1_mt4kJho.jpg	10	100	Candy World, Sugar House, Sweet Shop Q1, Sweet Phú Nhuận, Candy Thủ Đức, Snack Hub, Choco Store, Sugar Q7, Sugar Bình Thạnh, Candy Q8, Sweet Q6, Candy Q5, Sweet Q10, Snack Tân Bình, Candy Gò Vấp	Kẹo	f
2	Bánh Oreo	50000	products/oreo1_1ClfLGY.jpg	10	100	Candy World, Sugar House, Sweet Shop Q1, Sweet Phú Nhuận, Candy Thủ Đức, Snack Hub, Choco Store, Sugar Q7, Sugar Bình Thạnh, Candy Q8, Candy Q5, Sweet Q10, Snack Tân Bình, Candy Gò Vấp	Bánh	f
3	Bánh Chocopie	50000	products/cho1_AMaawu5.png	10	130	Candy World, Sugar House, Sweet Shop Q1, Sweet Phú Nhuận, Candy Thủ Đức, Choco Store, Candy Q8	Bánh	t
4	Kẹo dẻo Alpenliebe	30000	products/deo1_7MpSQkw.jpg	10	120	Candy World, Sugar House, Sweet Shop Q1, Sweet Phú Nhuận, Candy Thủ Đức	Kẹo	t
5	Kẹo Mềm Hương Trái Cây	30000	products/me1_6qWeOiU.jpg	10	100	Candy World, Sugar House, Sweet Shop Q1, Sweet Phú Nhuận, Candy Thủ Đức	Kẹo	f
6	Kẹo bạc hà	25000	products/bh1_HfjGCAN.jpg	10	100	Candy World, Sweet Shop Q1, Sweet Phú Nhuận, Candy Thủ Đức	Kẹo	f
7	Kẹo socola M&M	25000	products/scl1_w5pPwtd.jpg	10	150	Sugar House, Sweet Shop Q1, Sweet Phú Nhuận, Candy Thủ Đức, Sweet Q6, Candy Q5, Candy Gò Vấp	Kẹo	f
8	Bánh xốp phủ socola KitKat	30000	products/kk1_bcb2vUJ.jpg	10	100	Candy World, Sugar House, Sweet Shop Q1, Sweet Phú Nhuận, Candy Thủ Đức	Bánh	f
9	Bánh que phủ socola Pocky	25000	products/pk1_TGsNB53.jpg	10	100	Candy World, Sugar House, Sweet Shop Q1, Sweet Phú Nhuận, Candy Thủ Đức, Home Q12	Bánh	t
10	Bánh quy AFC vị rau	30000	products/afc1_NIjPBjs.jpg	10	100	Candy World, Sugar House, Sweet Shop Q1, Candy Thủ Đức, Snack Hub, Sugar Q7, Snack Tân Bình	Bánh	f
11	Nước tăng lực Sting dâu	15000	products/s1_UWBSw8i.jpg	10	100	Candy World, Sugar House, Sweet Shop Q1, Sweet Phú Nhuận, Candy Thủ Đức	Nước	f
12	Nước giải khát Coca Cola	15000	products/co1_7gJEfc4.jpg	10	100	Candy World, Sugar House, Sweet Shop Q1, Sweet Phú Nhuận, Candy Thủ Đức	Nước	t
13	Nước tăng lực Number 1	15000	products/nb1_ng28Sk9.jpg	10	100	Candy World, Sugar House, Sweet Shop Q1, Sweet Phú Nhuận, Candy Thủ Đức	Nước	f
14	Nước tăng lực 247	15000	products/241_zXGaGKM.jpg	10	100	Candy World, Sugar House, Sweet Shop Q1, Sweet Phú Nhuận, Candy Thủ Đức	Nước	f
15	Trà xanh Không Độ	15000	products/kd1_Q9sG44p.jpg	10	100	Candy World, Sugar House, Sweet Shop Q1, Sweet Phú Nhuận, Candy Thủ Đức	Nước	f
16	Nồi nhôm	50000	products/n1_mo9oKB9.jpg	10	100	Living Mart, Family Củ Chi, Family Tân Phú, Accessory Q2, Living Nhà Bè, Home Bình Chánh, Kitchen Hóc Môn, Home Q12, Home Q9, Kitchen Bình Tân	Bếp	f
17	Chén sứ trắng	25000	products/c1_eK3ZYJ6.jpg	10	100	Living Mart, Family Củ Chi, Family Tân Phú, Accessory Q2, Living Nhà Bè, Home Bình Chánh, Kitchen Hóc Môn, Home Q12, Home Q9, Kitchen Bình Tân	Bếp	f
18	Thớt gỗ	25000	products/t1_SR0ZCHb.jpg	10	100	Living Mart, Family Củ Chi, Family Tân Phú, Home Bình Chánh, Kitchen Hóc Môn, Home Q9, Kitchen Bình Tân	Bếp	f
19	Dĩa sứ tròn	25000	products/d1_X6ukzQ4.jpg	10	100	Living Mart, Accessory Q2, Home Bình Chánh, Kitchen Hóc Môn, Home Q12, Home Q9, Kitchen Bình Tân	Bếp	t
20	Chảo chống dính	15000	products/ch1_SbJSPun.jpg	10	100	Living Mart, Family Củ Chi, Family Tân Phú, Living Nhà Bè, Kitchen Hóc Môn, Home Q12, Home Q9, Kitchen Bình Tân	Bếp	t
21	Tủ đầu giường	150000	products/tu1_Z6HjDts.jpg	10	100	Living Mart, Family Củ Chi, Family Tân Phú, Accessory Q2, Living Nhà Bè, Home Bình Chánh, Kitchen Hóc Môn, Home Q12, Home Q9, Kitchen Bình Tân	Khác	f
22	Chăn bông 2 lớp	170000	products/cb1_IuJ4q6f.jpg	10	100	Living Mart, Family Củ Chi, Family Tân Phú, Accessory Q2, Living Nhà Bè, Home Bình Chánh, Home Q12, Home Q9	Khác	t
23	Gối cổ chữ U	30000	products/g1_yhUmz7p.jpg	10	100	Living Mart, Family Củ Chi, Family Tân Phú, Accessory Q2, Living Nhà Bè, Home Bình Chánh, Home Q12, Home Q9	Khác	f
24	Gối ôm hình thú bông	50000	products/o1_sxaXHql.jpg	10	100	Living Mart, Family Củ Chi, Family Tân Phú, Accessory Q2, Living Nhà Bè, Home Bình Chánh, Home Q12, Home Q9	Khác	f
25	Ly sứ dễ thương viền nâu	30000	products/l1_nEXtSeH.jpg	10	100	Living Mart, Family Củ Chi, Family Tân Phú, Accessory Q2, Living Nhà Bè, Home Bình Chánh, Kitchen Hóc Môn, Home Q12, Home Q9, Kitchen Bình Tân	Khác	t
26	Kẹo cao su Xylitol	40000	products/cs1_XyROT7U.jpg	10	100	Candy World, Sugar House, Sweet Shop Q1, Sweet Phú Nhuận, Candy Thủ Đức, Snack Hub, Sugar Q7, Sugar Bình Thạnh, Candy Q8, Candy Q5, Sweet Q10, Candy Gò Vấp	Kẹo	t
\.


--
-- TOC entry 6109 (class 0 OID 37498)
-- Dependencies: 253
-- Data for Name: shop_productimage; Type: TABLE DATA; Schema: public; Owner: postgres
--

COPY public.shop_productimage (id, image, product_id) FROM stdin;
1	products/gallery/k4_FNQESxz.jpg	1
2	products/gallery/k3_sQxG6NO.jpg	1
3	products/gallery/k2_2yKqY10.jpg	1
4	products/gallery/oreo4_BmiV70R.jpg	2
5	products/gallery/oreo3_7ubJcwX.jpg	2
6	products/gallery/oreo1_mHvko2D.jpg	2
7	products/gallery/oreo2_TyfB4xe.jpg	2
8	products/gallery/cho4_e88fxb3.jpg	3
9	products/gallery/cho3_zNcEazJ.jpg	3
10	products/gallery/cho2_GmqToa2.jpg	3
11	products/gallery/deo5_cH0f5lW.jpg	4
12	products/gallery/deo4_8XwH4Zl.jpg	4
13	products/gallery/deo3_8EyFtPG.jpg	4
14	products/gallery/deo2_OEd5vk8.jpg	4
15	products/gallery/me4_WWkg6IS.jpg	5
16	products/gallery/me3_Vn1QnHA.jpg	5
17	products/gallery/me2_Z8vXSqt.jpg	5
18	products/gallery/bh5_pa3TNa6.jpg	6
19	products/gallery/bh4_5r8ejwe.jpg	6
20	products/gallery/bh3_K77UiPn.jpg	6
21	products/gallery/bh2_ecYt1v2.jpg	6
22	products/gallery/scl5_rPiWHS1.jpg	7
23	products/gallery/scl4_4vQxlTz.jpg	7
24	products/gallery/scl3_zFnzlF5.jpg	7
25	products/gallery/scl2_drPspLB.jpg	7
26	products/gallery/kk4_OrLWyc1.jpg	8
27	products/gallery/kk3_1yIEgOZ.jpg	8
28	products/gallery/kk2_7Sk04SV.jpg	8
29	products/gallery/pk5_veWMcF0.jpg	9
30	products/gallery/pk4_QhMIL2t.jpg	9
31	products/gallery/pk3_Z89bbAo.jpg	9
32	products/gallery/pk2_YREZ00K.jpg	9
33	products/gallery/afc5_gf5lF6u.jpg	10
34	products/gallery/afc4_VNlkVj5.jpg	10
35	products/gallery/afc3_nIr2s2V.jpg	10
36	products/gallery/afc2_0Z4DrSe.jpg	10
37	products/gallery/s4_OYxzxHn.jpg	11
38	products/gallery/s3_AvcD2Bh.jpg	11
39	products/gallery/s2_AnB3YsY.jpg	11
40	products/gallery/co4_yPf4Vaw.jpg	12
41	products/gallery/co3_oFwbW2O.jpg	12
42	products/gallery/co2_zOHFNOI.jpg	12
43	products/gallery/nb4_0JPOn2d.jpg	13
44	products/gallery/nb3_1GFgKok.jpg	13
45	products/gallery/nb2_eZL938m.jpg	13
46	products/gallery/244_FmahCq9.jpg	14
47	products/gallery/243_VMb3uhO.jpg	14
48	products/gallery/242_QjZISxX.jpg	14
49	products/gallery/kd4_vmhkpzo.jpg	15
50	products/gallery/kd3_ioSrO44.jpg	15
51	products/gallery/kd2_ZhFOmbP.jpg	15
52	products/gallery/n4_Elzwvpx.jpg	16
53	products/gallery/n3_7RoNyBa.jpg	16
54	products/gallery/n2_2MjBdFj.jpg	16
55	products/gallery/c4_GWImOjA.jpg	17
56	products/gallery/c3_Np02sVL.jpg	17
57	products/gallery/c2_L90Y5wl.jpg	17
58	products/gallery/t4_aQwKN7v.jpg	18
59	products/gallery/t3_kH9RwYC.jpg	18
60	products/gallery/t2_oyQQ4Cf.jpg	18
61	products/gallery/d4_5fdLOBr.jpg	19
62	products/gallery/d3_KniyxXG.jpg	19
63	products/gallery/d2_uDIzk9I.jpg	19
64	products/gallery/ch4_59G9M64.jpg	20
65	products/gallery/ch3_m2yCzOt.jpg	20
66	products/gallery/ch2_b29kbGn.jpg	20
67	products/gallery/tu4_n2M77Jf.jpg	21
68	products/gallery/tu3_kRJOO5v.jpg	21
69	products/gallery/tu2_dEhjyCK.jpg	21
70	products/gallery/cb4_CCfgEsh.jpg	22
71	products/gallery/cb3_LkAbDvi.jpg	22
72	products/gallery/cb2_tooJo2x.jpg	22
73	products/gallery/g3_8c7q1qg.jpg	23
74	products/gallery/g2_SdWJOTQ.jpg	23
75	products/gallery/o2_mDUFXID.jpg	24
76	products/gallery/l4_NLQLWBh.jpg	25
77	products/gallery/l3_bb0q5Vv.jpg	25
78	products/gallery/l2_f1LKkPl.jpg	25
79	products/gallery/cs5_2FmBEwU.jpg	26
80	products/gallery/cs4_xdqxwne.jpg	26
81	products/gallery/cs3_5lIr5Fx.jpg	26
82	products/gallery/cs2_AKxYSLb.jpg	26
\.


--
-- TOC entry 6103 (class 0 OID 37442)
-- Dependencies: 247
-- Data for Name: shop_store; Type: TABLE DATA; Schema: public; Owner: postgres
--

COPY public.shop_store (id, name, address, location) FROM stdin;
\.


--
-- TOC entry 5842 (class 0 OID 36468)
-- Dependencies: 221
-- Data for Name: spatial_ref_sys; Type: TABLE DATA; Schema: public; Owner: postgres
--

COPY public.spatial_ref_sys (srid, auth_name, auth_srid, srtext, proj4text) FROM stdin;
\.


--
-- TOC entry 6118 (class 0 OID 0)
-- Dependencies: 231
-- Name: auth_group_id_seq; Type: SEQUENCE SET; Schema: public; Owner: postgres
--

SELECT pg_catalog.setval('public.auth_group_id_seq', 1, false);


--
-- TOC entry 6119 (class 0 OID 0)
-- Dependencies: 233
-- Name: auth_group_permissions_id_seq; Type: SEQUENCE SET; Schema: public; Owner: postgres
--

SELECT pg_catalog.setval('public.auth_group_permissions_id_seq', 1, false);


--
-- TOC entry 6120 (class 0 OID 0)
-- Dependencies: 229
-- Name: auth_permission_id_seq; Type: SEQUENCE SET; Schema: public; Owner: postgres
--

SELECT pg_catalog.setval('public.auth_permission_id_seq', 48, true);


--
-- TOC entry 6121 (class 0 OID 0)
-- Dependencies: 237
-- Name: auth_user_groups_id_seq; Type: SEQUENCE SET; Schema: public; Owner: postgres
--

SELECT pg_catalog.setval('public.auth_user_groups_id_seq', 1, false);


--
-- TOC entry 6122 (class 0 OID 0)
-- Dependencies: 235
-- Name: auth_user_id_seq; Type: SEQUENCE SET; Schema: public; Owner: postgres
--

SELECT pg_catalog.setval('public.auth_user_id_seq', 2, true);


--
-- TOC entry 6123 (class 0 OID 0)
-- Dependencies: 239
-- Name: auth_user_user_permissions_id_seq; Type: SEQUENCE SET; Schema: public; Owner: postgres
--

SELECT pg_catalog.setval('public.auth_user_user_permissions_id_seq', 1, false);


--
-- TOC entry 6124 (class 0 OID 0)
-- Dependencies: 241
-- Name: django_admin_log_id_seq; Type: SEQUENCE SET; Schema: public; Owner: postgres
--

SELECT pg_catalog.setval('public.django_admin_log_id_seq', 1, false);


--
-- TOC entry 6125 (class 0 OID 0)
-- Dependencies: 227
-- Name: django_content_type_id_seq; Type: SEQUENCE SET; Schema: public; Owner: postgres
--

SELECT pg_catalog.setval('public.django_content_type_id_seq', 12, true);


--
-- TOC entry 6126 (class 0 OID 0)
-- Dependencies: 225
-- Name: django_migrations_id_seq; Type: SEQUENCE SET; Schema: public; Owner: postgres
--

SELECT pg_catalog.setval('public.django_migrations_id_seq', 27, true);


--
-- TOC entry 6127 (class 0 OID 0)
-- Dependencies: 254
-- Name: shop_branch_id_seq; Type: SEQUENCE SET; Schema: public; Owner: postgres
--

SELECT pg_catalog.setval('public.shop_branch_id_seq', 30, true);


--
-- TOC entry 6128 (class 0 OID 0)
-- Dependencies: 250
-- Name: shop_deliveryzone_id_seq; Type: SEQUENCE SET; Schema: public; Owner: postgres
--

SELECT pg_catalog.setval('public.shop_deliveryzone_id_seq', 1, false);


--
-- TOC entry 6129 (class 0 OID 0)
-- Dependencies: 248
-- Name: shop_order_id_seq; Type: SEQUENCE SET; Schema: public; Owner: postgres
--

SELECT pg_catalog.setval('public.shop_order_id_seq', 1, false);


--
-- TOC entry 6130 (class 0 OID 0)
-- Dependencies: 244
-- Name: shop_product_id_seq; Type: SEQUENCE SET; Schema: public; Owner: postgres
--

SELECT pg_catalog.setval('public.shop_product_id_seq', 26, true);


--
-- TOC entry 6131 (class 0 OID 0)
-- Dependencies: 252
-- Name: shop_productimage_id_seq; Type: SEQUENCE SET; Schema: public; Owner: postgres
--

SELECT pg_catalog.setval('public.shop_productimage_id_seq', 82, true);


--
-- TOC entry 6132 (class 0 OID 0)
-- Dependencies: 246
-- Name: shop_store_id_seq; Type: SEQUENCE SET; Schema: public; Owner: postgres
--

SELECT pg_catalog.setval('public.shop_store_id_seq', 1, false);


--
-- TOC entry 5860 (class 2606 OID 37416)
-- Name: auth_group auth_group_name_key; Type: CONSTRAINT; Schema: public; Owner: postgres
--

ALTER TABLE ONLY public.auth_group
    ADD CONSTRAINT auth_group_name_key UNIQUE (name);


--
-- TOC entry 5865 (class 2606 OID 37337)
-- Name: auth_group_permissions auth_group_permissions_group_id_permission_id_0cd325b0_uniq; Type: CONSTRAINT; Schema: public; Owner: postgres
--

ALTER TABLE ONLY public.auth_group_permissions
    ADD CONSTRAINT auth_group_permissions_group_id_permission_id_0cd325b0_uniq UNIQUE (group_id, permission_id);


--
-- TOC entry 5868 (class 2606 OID 37289)
-- Name: auth_group_permissions auth_group_permissions_pkey; Type: CONSTRAINT; Schema: public; Owner: postgres
--

ALTER TABLE ONLY public.auth_group_permissions
    ADD CONSTRAINT auth_group_permissions_pkey PRIMARY KEY (id);


--
-- TOC entry 5862 (class 2606 OID 37278)
-- Name: auth_group auth_group_pkey; Type: CONSTRAINT; Schema: public; Owner: postgres
--

ALTER TABLE ONLY public.auth_group
    ADD CONSTRAINT auth_group_pkey PRIMARY KEY (id);


--
-- TOC entry 5855 (class 2606 OID 37328)
-- Name: auth_permission auth_permission_content_type_id_codename_01ab375a_uniq; Type: CONSTRAINT; Schema: public; Owner: postgres
--

ALTER TABLE ONLY public.auth_permission
    ADD CONSTRAINT auth_permission_content_type_id_codename_01ab375a_uniq UNIQUE (content_type_id, codename);


--
-- TOC entry 5857 (class 2606 OID 37270)
-- Name: auth_permission auth_permission_pkey; Type: CONSTRAINT; Schema: public; Owner: postgres
--

ALTER TABLE ONLY public.auth_permission
    ADD CONSTRAINT auth_permission_pkey PRIMARY KEY (id);


--
-- TOC entry 5876 (class 2606 OID 37317)
-- Name: auth_user_groups auth_user_groups_pkey; Type: CONSTRAINT; Schema: public; Owner: postgres
--

ALTER TABLE ONLY public.auth_user_groups
    ADD CONSTRAINT auth_user_groups_pkey PRIMARY KEY (id);


--
-- TOC entry 5879 (class 2606 OID 37352)
-- Name: auth_user_groups auth_user_groups_user_id_group_id_94350c0c_uniq; Type: CONSTRAINT; Schema: public; Owner: postgres
--

ALTER TABLE ONLY public.auth_user_groups
    ADD CONSTRAINT auth_user_groups_user_id_group_id_94350c0c_uniq UNIQUE (user_id, group_id);


--
-- TOC entry 5870 (class 2606 OID 37306)
-- Name: auth_user auth_user_pkey; Type: CONSTRAINT; Schema: public; Owner: postgres
--

ALTER TABLE ONLY public.auth_user
    ADD CONSTRAINT auth_user_pkey PRIMARY KEY (id);


--
-- TOC entry 5882 (class 2606 OID 37326)
-- Name: auth_user_user_permissions auth_user_user_permissions_pkey; Type: CONSTRAINT; Schema: public; Owner: postgres
--

ALTER TABLE ONLY public.auth_user_user_permissions
    ADD CONSTRAINT auth_user_user_permissions_pkey PRIMARY KEY (id);


--
-- TOC entry 5885 (class 2606 OID 37366)
-- Name: auth_user_user_permissions auth_user_user_permissions_user_id_permission_id_14a6b632_uniq; Type: CONSTRAINT; Schema: public; Owner: postgres
--

ALTER TABLE ONLY public.auth_user_user_permissions
    ADD CONSTRAINT auth_user_user_permissions_user_id_permission_id_14a6b632_uniq UNIQUE (user_id, permission_id);


--
-- TOC entry 5873 (class 2606 OID 37409)
-- Name: auth_user auth_user_username_key; Type: CONSTRAINT; Schema: public; Owner: postgres
--

ALTER TABLE ONLY public.auth_user
    ADD CONSTRAINT auth_user_username_key UNIQUE (username);


--
-- TOC entry 5888 (class 2606 OID 37393)
-- Name: django_admin_log django_admin_log_pkey; Type: CONSTRAINT; Schema: public; Owner: postgres
--

ALTER TABLE ONLY public.django_admin_log
    ADD CONSTRAINT django_admin_log_pkey PRIMARY KEY (id);


--
-- TOC entry 5850 (class 2606 OID 37260)
-- Name: django_content_type django_content_type_app_label_model_76bd3d3b_uniq; Type: CONSTRAINT; Schema: public; Owner: postgres
--

ALTER TABLE ONLY public.django_content_type
    ADD CONSTRAINT django_content_type_app_label_model_76bd3d3b_uniq UNIQUE (app_label, model);


--
-- TOC entry 5852 (class 2606 OID 37258)
-- Name: django_content_type django_content_type_pkey; Type: CONSTRAINT; Schema: public; Owner: postgres
--

ALTER TABLE ONLY public.django_content_type
    ADD CONSTRAINT django_content_type_pkey PRIMARY KEY (id);


--
-- TOC entry 5848 (class 2606 OID 37248)
-- Name: django_migrations django_migrations_pkey; Type: CONSTRAINT; Schema: public; Owner: postgres
--

ALTER TABLE ONLY public.django_migrations
    ADD CONSTRAINT django_migrations_pkey PRIMARY KEY (id);


--
-- TOC entry 5892 (class 2606 OID 37429)
-- Name: django_session django_session_pkey; Type: CONSTRAINT; Schema: public; Owner: postgres
--

ALTER TABLE ONLY public.django_session
    ADD CONSTRAINT django_session_pkey PRIMARY KEY (session_key);


--
-- TOC entry 5913 (class 2606 OID 37538)
-- Name: shop_branch shop_branch_name_key; Type: CONSTRAINT; Schema: public; Owner: postgres
--

ALTER TABLE ONLY public.shop_branch
    ADD CONSTRAINT shop_branch_name_key UNIQUE (name);


--
-- TOC entry 5915 (class 2606 OID 37536)
-- Name: shop_branch shop_branch_pkey; Type: CONSTRAINT; Schema: public; Owner: postgres
--

ALTER TABLE ONLY public.shop_branch
    ADD CONSTRAINT shop_branch_pkey PRIMARY KEY (id);


--
-- TOC entry 5906 (class 2606 OID 37481)
-- Name: shop_deliveryzone shop_deliveryzone_pkey; Type: CONSTRAINT; Schema: public; Owner: postgres
--

ALTER TABLE ONLY public.shop_deliveryzone
    ADD CONSTRAINT shop_deliveryzone_pkey PRIMARY KEY (id);


--
-- TOC entry 5901 (class 2606 OID 37468)
-- Name: shop_order shop_order_pkey; Type: CONSTRAINT; Schema: public; Owner: postgres
--

ALTER TABLE ONLY public.shop_order
    ADD CONSTRAINT shop_order_pkey PRIMARY KEY (id);


--
-- TOC entry 5895 (class 2606 OID 37440)
-- Name: shop_product shop_product_pkey; Type: CONSTRAINT; Schema: public; Owner: postgres
--

ALTER TABLE ONLY public.shop_product
    ADD CONSTRAINT shop_product_pkey PRIMARY KEY (id);


--
-- TOC entry 5909 (class 2606 OID 37505)
-- Name: shop_productimage shop_productimage_pkey; Type: CONSTRAINT; Schema: public; Owner: postgres
--

ALTER TABLE ONLY public.shop_productimage
    ADD CONSTRAINT shop_productimage_pkey PRIMARY KEY (id);


--
-- TOC entry 5898 (class 2606 OID 37452)
-- Name: shop_store shop_store_pkey; Type: CONSTRAINT; Schema: public; Owner: postgres
--

ALTER TABLE ONLY public.shop_store
    ADD CONSTRAINT shop_store_pkey PRIMARY KEY (id);


--
-- TOC entry 5858 (class 1259 OID 37417)
-- Name: auth_group_name_a6ea08ec_like; Type: INDEX; Schema: public; Owner: postgres
--

CREATE INDEX auth_group_name_a6ea08ec_like ON public.auth_group USING btree (name varchar_pattern_ops);


--
-- TOC entry 5863 (class 1259 OID 37348)
-- Name: auth_group_permissions_group_id_b120cbf9; Type: INDEX; Schema: public; Owner: postgres
--

CREATE INDEX auth_group_permissions_group_id_b120cbf9 ON public.auth_group_permissions USING btree (group_id);


--
-- TOC entry 5866 (class 1259 OID 37349)
-- Name: auth_group_permissions_permission_id_84c5c92e; Type: INDEX; Schema: public; Owner: postgres
--

CREATE INDEX auth_group_permissions_permission_id_84c5c92e ON public.auth_group_permissions USING btree (permission_id);


--
-- TOC entry 5853 (class 1259 OID 37334)
-- Name: auth_permission_content_type_id_2f476e4b; Type: INDEX; Schema: public; Owner: postgres
--

CREATE INDEX auth_permission_content_type_id_2f476e4b ON public.auth_permission USING btree (content_type_id);


--
-- TOC entry 5874 (class 1259 OID 37364)
-- Name: auth_user_groups_group_id_97559544; Type: INDEX; Schema: public; Owner: postgres
--

CREATE INDEX auth_user_groups_group_id_97559544 ON public.auth_user_groups USING btree (group_id);


--
-- TOC entry 5877 (class 1259 OID 37363)
-- Name: auth_user_groups_user_id_6a12ed8b; Type: INDEX; Schema: public; Owner: postgres
--

CREATE INDEX auth_user_groups_user_id_6a12ed8b ON public.auth_user_groups USING btree (user_id);


--
-- TOC entry 5880 (class 1259 OID 37378)
-- Name: auth_user_user_permissions_permission_id_1fbb5f2c; Type: INDEX; Schema: public; Owner: postgres
--

CREATE INDEX auth_user_user_permissions_permission_id_1fbb5f2c ON public.auth_user_user_permissions USING btree (permission_id);


--
-- TOC entry 5883 (class 1259 OID 37377)
-- Name: auth_user_user_permissions_user_id_a95ead1b; Type: INDEX; Schema: public; Owner: postgres
--

CREATE INDEX auth_user_user_permissions_user_id_a95ead1b ON public.auth_user_user_permissions USING btree (user_id);


--
-- TOC entry 5871 (class 1259 OID 37410)
-- Name: auth_user_username_6821ab7c_like; Type: INDEX; Schema: public; Owner: postgres
--

CREATE INDEX auth_user_username_6821ab7c_like ON public.auth_user USING btree (username varchar_pattern_ops);


--
-- TOC entry 5886 (class 1259 OID 37404)
-- Name: django_admin_log_content_type_id_c4bce8eb; Type: INDEX; Schema: public; Owner: postgres
--

CREATE INDEX django_admin_log_content_type_id_c4bce8eb ON public.django_admin_log USING btree (content_type_id);


--
-- TOC entry 5889 (class 1259 OID 37405)
-- Name: django_admin_log_user_id_c564eba6; Type: INDEX; Schema: public; Owner: postgres
--

CREATE INDEX django_admin_log_user_id_c564eba6 ON public.django_admin_log USING btree (user_id);


--
-- TOC entry 5890 (class 1259 OID 37431)
-- Name: django_session_expire_date_a5c62663; Type: INDEX; Schema: public; Owner: postgres
--

CREATE INDEX django_session_expire_date_a5c62663 ON public.django_session USING btree (expire_date);


--
-- TOC entry 5893 (class 1259 OID 37430)
-- Name: django_session_session_key_c0390e0f_like; Type: INDEX; Schema: public; Owner: postgres
--

CREATE INDEX django_session_session_key_c0390e0f_like ON public.django_session USING btree (session_key varchar_pattern_ops);


--
-- TOC entry 5911 (class 1259 OID 37539)
-- Name: shop_branch_name_a7a48c06_like; Type: INDEX; Schema: public; Owner: postgres
--

CREATE INDEX shop_branch_name_a7a48c06_like ON public.shop_branch USING btree (name varchar_pattern_ops);


--
-- TOC entry 5904 (class 1259 OID 37495)
-- Name: shop_deliveryzone_area_b98085ea_id; Type: INDEX; Schema: public; Owner: postgres
--

CREATE INDEX shop_deliveryzone_area_b98085ea_id ON public.shop_deliveryzone USING gist (area);


--
-- TOC entry 5907 (class 1259 OID 37496)
-- Name: shop_deliveryzone_store_id_b22eba53; Type: INDEX; Schema: public; Owner: postgres
--

CREATE INDEX shop_deliveryzone_store_id_b22eba53 ON public.shop_deliveryzone USING btree (store_id);


--
-- TOC entry 5899 (class 1259 OID 37488)
-- Name: shop_order_customer_location_a48d3a6d_id; Type: INDEX; Schema: public; Owner: postgres
--

CREATE INDEX shop_order_customer_location_a48d3a6d_id ON public.shop_order USING gist (customer_location);


--
-- TOC entry 5902 (class 1259 OID 37489)
-- Name: shop_order_product_id_0eef2166; Type: INDEX; Schema: public; Owner: postgres
--

CREATE INDEX shop_order_product_id_0eef2166 ON public.shop_order USING btree (product_id);


--
-- TOC entry 5903 (class 1259 OID 37524)
-- Name: shop_order_user_id_00aba627; Type: INDEX; Schema: public; Owner: postgres
--

CREATE INDEX shop_order_user_id_00aba627 ON public.shop_order USING btree (user_id);


--
-- TOC entry 5910 (class 1259 OID 37511)
-- Name: shop_productimage_product_id_65b3b20c; Type: INDEX; Schema: public; Owner: postgres
--

CREATE INDEX shop_productimage_product_id_65b3b20c ON public.shop_productimage USING btree (product_id);


--
-- TOC entry 5896 (class 1259 OID 37482)
-- Name: shop_store_location_904b68fd_id; Type: INDEX; Schema: public; Owner: postgres
--

CREATE INDEX shop_store_location_904b68fd_id ON public.shop_store USING gist (location);


--
-- TOC entry 5917 (class 2606 OID 37343)
-- Name: auth_group_permissions auth_group_permissio_permission_id_84c5c92e_fk_auth_perm; Type: FK CONSTRAINT; Schema: public; Owner: postgres
--

ALTER TABLE ONLY public.auth_group_permissions
    ADD CONSTRAINT auth_group_permissio_permission_id_84c5c92e_fk_auth_perm FOREIGN KEY (permission_id) REFERENCES public.auth_permission(id) DEFERRABLE INITIALLY DEFERRED;


--
-- TOC entry 5918 (class 2606 OID 37338)
-- Name: auth_group_permissions auth_group_permissions_group_id_b120cbf9_fk_auth_group_id; Type: FK CONSTRAINT; Schema: public; Owner: postgres
--

ALTER TABLE ONLY public.auth_group_permissions
    ADD CONSTRAINT auth_group_permissions_group_id_b120cbf9_fk_auth_group_id FOREIGN KEY (group_id) REFERENCES public.auth_group(id) DEFERRABLE INITIALLY DEFERRED;


--
-- TOC entry 5916 (class 2606 OID 37329)
-- Name: auth_permission auth_permission_content_type_id_2f476e4b_fk_django_co; Type: FK CONSTRAINT; Schema: public; Owner: postgres
--

ALTER TABLE ONLY public.auth_permission
    ADD CONSTRAINT auth_permission_content_type_id_2f476e4b_fk_django_co FOREIGN KEY (content_type_id) REFERENCES public.django_content_type(id) DEFERRABLE INITIALLY DEFERRED;


--
-- TOC entry 5919 (class 2606 OID 37358)
-- Name: auth_user_groups auth_user_groups_group_id_97559544_fk_auth_group_id; Type: FK CONSTRAINT; Schema: public; Owner: postgres
--

ALTER TABLE ONLY public.auth_user_groups
    ADD CONSTRAINT auth_user_groups_group_id_97559544_fk_auth_group_id FOREIGN KEY (group_id) REFERENCES public.auth_group(id) DEFERRABLE INITIALLY DEFERRED;


--
-- TOC entry 5920 (class 2606 OID 37353)
-- Name: auth_user_groups auth_user_groups_user_id_6a12ed8b_fk_auth_user_id; Type: FK CONSTRAINT; Schema: public; Owner: postgres
--

ALTER TABLE ONLY public.auth_user_groups
    ADD CONSTRAINT auth_user_groups_user_id_6a12ed8b_fk_auth_user_id FOREIGN KEY (user_id) REFERENCES public.auth_user(id) DEFERRABLE INITIALLY DEFERRED;


--
-- TOC entry 5921 (class 2606 OID 37372)
-- Name: auth_user_user_permissions auth_user_user_permi_permission_id_1fbb5f2c_fk_auth_perm; Type: FK CONSTRAINT; Schema: public; Owner: postgres
--

ALTER TABLE ONLY public.auth_user_user_permissions
    ADD CONSTRAINT auth_user_user_permi_permission_id_1fbb5f2c_fk_auth_perm FOREIGN KEY (permission_id) REFERENCES public.auth_permission(id) DEFERRABLE INITIALLY DEFERRED;


--
-- TOC entry 5922 (class 2606 OID 37367)
-- Name: auth_user_user_permissions auth_user_user_permissions_user_id_a95ead1b_fk_auth_user_id; Type: FK CONSTRAINT; Schema: public; Owner: postgres
--

ALTER TABLE ONLY public.auth_user_user_permissions
    ADD CONSTRAINT auth_user_user_permissions_user_id_a95ead1b_fk_auth_user_id FOREIGN KEY (user_id) REFERENCES public.auth_user(id) DEFERRABLE INITIALLY DEFERRED;


--
-- TOC entry 5923 (class 2606 OID 37394)
-- Name: django_admin_log django_admin_log_content_type_id_c4bce8eb_fk_django_co; Type: FK CONSTRAINT; Schema: public; Owner: postgres
--

ALTER TABLE ONLY public.django_admin_log
    ADD CONSTRAINT django_admin_log_content_type_id_c4bce8eb_fk_django_co FOREIGN KEY (content_type_id) REFERENCES public.django_content_type(id) DEFERRABLE INITIALLY DEFERRED;


--
-- TOC entry 5924 (class 2606 OID 37399)
-- Name: django_admin_log django_admin_log_user_id_c564eba6_fk_auth_user_id; Type: FK CONSTRAINT; Schema: public; Owner: postgres
--

ALTER TABLE ONLY public.django_admin_log
    ADD CONSTRAINT django_admin_log_user_id_c564eba6_fk_auth_user_id FOREIGN KEY (user_id) REFERENCES public.auth_user(id) DEFERRABLE INITIALLY DEFERRED;


--
-- TOC entry 5927 (class 2606 OID 37490)
-- Name: shop_deliveryzone shop_deliveryzone_store_id_b22eba53_fk_shop_store_id; Type: FK CONSTRAINT; Schema: public; Owner: postgres
--

ALTER TABLE ONLY public.shop_deliveryzone
    ADD CONSTRAINT shop_deliveryzone_store_id_b22eba53_fk_shop_store_id FOREIGN KEY (store_id) REFERENCES public.shop_store(id) DEFERRABLE INITIALLY DEFERRED;


--
-- TOC entry 5925 (class 2606 OID 37483)
-- Name: shop_order shop_order_product_id_0eef2166_fk_shop_product_id; Type: FK CONSTRAINT; Schema: public; Owner: postgres
--

ALTER TABLE ONLY public.shop_order
    ADD CONSTRAINT shop_order_product_id_0eef2166_fk_shop_product_id FOREIGN KEY (product_id) REFERENCES public.shop_product(id) DEFERRABLE INITIALLY DEFERRED;


--
-- TOC entry 5926 (class 2606 OID 37519)
-- Name: shop_order shop_order_user_id_00aba627_fk_auth_user_id; Type: FK CONSTRAINT; Schema: public; Owner: postgres
--

ALTER TABLE ONLY public.shop_order
    ADD CONSTRAINT shop_order_user_id_00aba627_fk_auth_user_id FOREIGN KEY (user_id) REFERENCES public.auth_user(id) DEFERRABLE INITIALLY DEFERRED;


--
-- TOC entry 5928 (class 2606 OID 37506)
-- Name: shop_productimage shop_productimage_product_id_65b3b20c_fk_shop_product_id; Type: FK CONSTRAINT; Schema: public; Owner: postgres
--

ALTER TABLE ONLY public.shop_productimage
    ADD CONSTRAINT shop_productimage_product_id_65b3b20c_fk_shop_product_id FOREIGN KEY (product_id) REFERENCES public.shop_product(id) DEFERRABLE INITIALLY DEFERRED;


-- Completed on 2026-05-11 16:39:19

--
-- PostgreSQL database dump complete
--

\unrestrict OMczzqnRWeK5dmQBdb58atWFsnSWF0irYaPHGp7fkghg7A5JR31UobgiFqzWOz4

